{"stemmer":{},"docs":{"buy":[["long","qqqq"],["bui"]],"sell":[["short","gold"],["sell","gold"]]},"features":["long","qqqq","bui","short","gold","sell"],"featurePositions":{"long":0,"qqqq":1,"bui":2,"short":3,"gold":4,"sell":5},"maxFeaturePosition":6,"classifications":["buy","sell"],"m":4,"theta":[{"elements":[0,2.994818955429701,2.994818955429701,-2.1878169311137983,-4.3756338622275965,-2.1878169311137983]},{"elements":[0,-2.9948189554297007,-2.9948189554297007,2.1878169311137987,4.375633862227597,2.1878169311137987]}]}